ldr1,led2,led3,temperature1,potentiometer2,gas1,led1,air_quality1,temperature2,potentiometer1,humidity1,anomaly
76.83741,88.62745,75.68627,25.438997,46.38672,8.744659,130.0,12.664223,25.463999,50.195312,60.872,1
76.35717,88.62745,75.08397,25.438997,46.289062,7.024594,0.0,14.519691,25.845997,50.097656,78.59,1
77.234764,88.62745,75.86828,24.931227,46.289062,17.422752,130.0,40.59391,24.436,50.195312,62.872,1
74.71821,88.62745,74.27151,25.194597,46.289062,7.0578747,0.0,12.664223,25.0,50.097656,64.87197,1
73.77483,88.62745,72.57716,25.828999,46.38672,7.115594,0.0,11.425781,25.682,50.195312,97.89,1
73.90729,88.62745,72.94118,25.256998,46.289062,7.3508434,0.0,20.28141,25.745998,50.29297,64.99,1
76.83741,88.62745,75.68627,24.811485,46.289062,8.061066,130.0,12.371254,24.454002,50.195312,60.672005,1
74.8011,88.62745,73.90749,25.276016,46.289062,7.155531,0.0,12.859535,25.927998,50.195312,64.39,1
76.9203,88.62745,75.86828,24.849901,46.289062,8.620377,0.0,15.203285,25.345997,50.29297,64.189995,1
74.22174,88.62745,73.72549,25.357483,46.289062,7.0844994,0.0,13.836098,26.009996,50.29297,65.189995,1
8.294822,88.62745,7.297137,25.810898,46.38672,6.9335938,130.0,11.785316,24.618,50.29297,61.718002,1
76.6554,88.62745,76.050285,24.567228,46.38672,7.279812,130.0,11.492348,24.636002,50.195312,60.754,1
77.36721,88.62745,75.68627,24.974562,46.38672,6.9335938,130.0,11.980629,25.118,50.195312,98.171974,1
77.10231,88.62745,76.050285,24.931227,46.38672,11.64772,0.0,21.84391,25.345997,50.29297,62.690002,1
76.11749,88.62745,75.777275,24.476229,46.289062,7.2332187,0.0,11.934032,24.527,50.195312,1638.0272,1
29.453522,40.0,28.081453,25.094017,39.257812,6.9335938,140.0,11.68766,24.536001,54.492188,60.090004,1
76.78786,88.62745,75.504265,25.113226,46.38672,9.903221,0.0,16.082191,25.345997,50.195312,62.390003,1
74.089294,88.62745,73.30519,25.74713,46.38672,7.3109064,0.0,11.425781,25.481998,50.29297,97.89,1
74.585754,88.62745,73.90749,25.276016,46.289062,7.1688433,0.0,13.543129,25.545998,50.195312,65.59,1
74.8011,88.62745,73.72549,25.094017,46.289062,7.337531,0.0,12.664223,25.727997,50.195312,64.59,1
28.377724,88.62745,29.257923,26.05716,46.38672,6.9335938,130.0,12.46891,25.218,50.195312,84.235985,1
11.821432,88.62745,5.938666,26.584452,46.289062,6.9335938,130.0,11.425781,24.8,50.29297,92.735985,1
74.12263,88.62745,73.72549,24.811485,46.289062,7.4484997,0.0,14.715004,25.1,50.195312,65.09,1
74.2713,88.62745,73.123184,25.094017,46.289062,7.4351873,0.0,14.422035,25.363998,50.195312,65.59,1
78.46015,88.62745,77.82906,24.54802,46.289062,7.115594,0.0,11.465721,-3276.4268,50.195312,60.354004,1
76.52296,88.62745,76.050285,25.113226,46.38672,7.754782,130.0,11.68766,25.182,50.195312,60.490005,1
76.6554,88.62745,75.68627,24.830599,46.289062,7.155531,0.0,15.105629,25.445997,50.29297,65.28999,1
76.25806,88.62745,74.90196,25.420172,46.289062,7.337531,0.0,15.886879,25.218,50.195312,97.89,1
77.69879,88.62745,76.86275,24.4666,46.289062,7.337531,0.0,12.136002,-3276.7,50.195312,62.636,1
72.64856,0.0,71.52641,25.012598,0.0,7.5195312,0.0,11.980629,24.718,0.0,59.490005,1
1.5236557,88.62745,1.0507847,25.175484,46.38672,6.9335938,130.0,17.840004,25.263998,50.195312,65.27197,1
75.97694,88.62745,75.32226,24.849901,46.38672,8.061066,0.0,14.324379,25.709995,50.195312,62.290005,1
74.22174,88.62745,72.94118,25.094017,46.289062,7.071187,0.0,18.328285,25.545998,50.29297,65.689995,1
81.192055,40.0,79.63599,25.546923,39.160156,7.5195312,140.0,12.371254,24.718,54.492188,64.59,1
76.52296,88.62745,75.86828,25.056173,46.289062,9.636879,130.0,14.519691,24.918001,50.195312,60.890003,1
28.791271,40.0,27.29714,25.793018,39.257812,6.9335938,140.0,11.68766,24.172003,54.589844,61.6,1
73.559494,88.62745,73.123184,25.319836,46.289062,7.670439,130.0,13.347816,25.282,50.195312,62.954002,1
11.34118,88.62745,12.21318,24.912018,46.38672,6.9335938,130.0,11.425781,24.8,50.29297,65.071976,1
76.4734,88.62745,76.050285,24.830599,46.289062,7.852439,130.0,11.68766,25.0,50.195312,60.572002,1
76.52296,88.62745,75.86828,25.501835,46.289062,11.967316,130.0,16.863441,25.1,50.195312,62.072002,1
79.353966,88.62745,77.82906,25.628899,46.289062,6.9335938,130.0,11.882973,25.836002,50.097656,67.77197,1
78.42682,0.0,77.044754,24.567228,79.88281,8.540498,0.0,12.078285,24.718,0.29296875,59.390003,1
74.22174,88.62745,73.72549,25.583548,46.38672,6.9335938,0.0,11.425781,26.027996,50.195312,78.189995,1
75.165115,88.62745,74.0895,24.993484,46.289062,7.337531,0.0,12.859535,25.745998,50.195312,64.49,1
32.135883,88.62745,31.582706,24.830599,46.38672,7.279812,130.0,12.957191,24.272003,50.195312,62.754,1
77.10231,88.62745,75.86828,24.931227,46.289062,8.52272,0.0,15.007973,25.163998,50.195312,64.189995,1
75.645355,88.62745,75.08397,25.175484,46.289062,7.024594,0.0,15.886879,25.945997,50.195312,64.89,1
73.72528,88.62745,72.75917,25.52893,46.289062,6.9335938,130.0,11.425781,26.218,50.195312,98.43599,1
75.21464,88.62745,73.90749,25.438997,46.289062,7.4484997,0.0,15.984535,25.845997,50.195312,64.78999,1
64.635765,88.62745,29.439922,25.383131,87.01172,7.195469,242.0,12.859535,26.136002,92.96875,98.618,1
26.556772,88.62745,26.120668,25.137836,46.289062,8.158722,130.0,13.933754,24.818,50.195312,63.65399,1
76.969864,88.62745,75.86828,24.849901,46.289062,8.815689,0.0,14.81266,25.527996,50.195312,62.290005,1
76.34095,88.62745,75.32226,25.420172,46.289062,11.674347,130.0,16.863441,24.736002,50.195312,61.890003,1
76.4734,88.62745,75.68627,25.137836,46.289062,12.957191,130.0,18.523598,24.918001,50.29297,64.89,1
69.337296,88.62745,68.02515,24.6486,46.289062,7.1688433,130.0,12.46891,25.0,50.195312,49.5,1
77.41677,88.62745,76.23229,25.0319,46.38672,8.438377,0.0,15.300941,25.345997,50.29297,64.189995,1
76.15894,88.62745,75.504265,25.33856,46.289062,9.512596,130.0,13.640785,25.463999,50.195312,60.872,1
74.2713,88.62745,73.54348,25.094017,46.38672,7.7148438,0.0,15.105629,25.727997,50.29297,65.689995,1
74.93355,88.62745,73.54348,25.276016,46.289062,7.8790655,0.0,16.472816,25.363998,50.29297,64.59,1
76.88697,88.62745,76.050285,25.194597,46.38672,8.438377,0.0,15.203285,25.163998,50.195312,64.28999,1
74.635315,18.82353,73.123184,25.194597,18.75,7.239875,0.0,11.590004,25.263998,0.09765625,59.490005,1
76.4734,88.62745,75.68627,25.012598,46.289062,8.802376,0.0,15.59391,24.436,50.195312,64.09,1
74.43709,88.62745,73.90749,25.094017,46.289062,7.337531,0.0,12.664223,25.182,50.195312,64.689995,1
13.907285,88.62745,11.036709,26.485933,46.38672,6.9335938,130.0,11.425781,25.363998,50.195312,62.390003,1
75.959816,88.62745,75.44798,25.357483,46.38672,7.071187,0.0,16.863441,26.127996,50.195312,65.09,1
77.69879,88.62745,76.86275,25.975018,46.289062,7.024594,130.0,12.175941,26.318,50.195312,98.071976,1
60.463097,88.62745,59.005527,24.874174,46.289062,6.9335938,130.0,11.68766,24.436,50.195312,72.65398,1
77.10231,88.62745,76.23229,24.749228,46.38672,9.987564,0.0,17.547035,24.436,50.195312,62.490005,1
81.158714,40.0,80.36401,25.89293,39.257812,6.9335938,140.0,12.371254,24.172003,54.492188,65.13599,1
77.05276,88.62745,76.050285,25.113226,46.38672,8.802376,0.0,15.398598,25.527996,50.195312,64.189995,1
74.75154,88.62745,74.0895,25.094017,46.289062,7.337531,0.0,13.347816,25.564,50.195312,64.59,1
76.60585,88.62745,75.68627,25.194597,46.38672,8.145409,0.0,14.519691,25.527996,50.195312,64.09,1
74.22174,88.62745,73.72549,25.094017,46.289062,7.1688433,0.0,14.129066,25.363998,50.195312,65.59,1
74.039734,88.62745,72.57716,24.749228,46.289062,6.9335938,0.0,14.910316,25.445997,50.29297,65.39,1
76.42384,88.62745,75.86828,25.113226,46.289062,23.015785,130.0,62.664223,23.890003,50.195312,62.690002,1
75.62914,88.62745,75.32226,25.483313,46.289062,57.586098,130.0,55.73063,24.172003,50.195312,72.85398,1
77.46629,88.62745,75.504265,25.113226,46.289062,8.327408,0.0,14.715004,25.345997,50.195312,64.09,1
74.900215,88.62745,73.72549,25.074999,46.38672,7.7148438,0.0,17.840004,25.382,50.195312,64.89,1
73.95684,88.62745,73.123184,24.567228,46.38672,7.1289062,0.0,11.425781,-3276.5178,50.195312,76.33598,1
15.530042,88.62745,14.355963,25.15656,46.289062,6.9335938,130.0,11.425781,24.718,50.195312,60.472004,1
77.59875,88.62745,75.86828,24.931227,46.38672,9.48597,0.0,15.789223,25.345997,50.29297,62.390003,1
73.808174,88.62745,73.17947,25.012598,46.289062,7.1688433,0.0,15.007973,25.727997,50.195312,65.49,1
74.2713,88.62745,73.30519,25.094017,46.38672,7.5328436,0.0,13.836098,25.545998,50.195312,65.689995,1
78.1457,88.62745,77.82906,25.056173,46.289062,6.9335938,130.0,12.371254,24.372004,50.195312,98.071976,1
76.34095,88.62745,76.050285,24.54802,46.289062,7.7680955,130.0,11.785316,24.636002,50.195312,60.836002,1
76.4734,88.62745,75.504265,24.76862,46.38672,7.963409,0.0,15.300941,25.163998,50.195312,64.189995,1
30.149126,88.62745,29.621922,26.503359,46.289062,6.9335938,130.0,12.273598,25.036001,50.195312,84.05398,1
74.354195,88.62745,73.90749,25.094017,46.289062,7.5328436,0.0,13.738441,25.363998,50.195312,65.39,1
76.78786,88.62745,75.68627,25.113226,46.38672,8.829002,0.0,15.496254,24.981998,50.195312,62.290005,1
77.10231,88.62745,75.86828,24.749228,46.289062,8.340721,0.0,15.59391,25.345997,50.195312,64.09,1
22.76526,88.62745,21.596786,24.955837,87.01172,7.3774686,242.0,12.859535,26.7,92.96875,98.25398,1
73.90729,88.62745,72.39516,25.194597,46.38672,7.1688433,0.0,16.472816,25.809996,50.195312,65.49,1
68.75794,88.62745,68.38916,25.238173,46.289062,6.9335938,130.0,11.425781,25.218,50.195312,61.336002,1
77.01942,88.62745,75.86828,24.849901,46.289062,8.607063,0.0,15.105629,25.527996,50.195312,64.189995,1
76.52296,88.62745,75.504265,25.113226,46.38672,8.451691,0.0,14.910316,25.527996,50.29297,62.290005,1
81.192055,0.0,80.78432,24.931227,79.78516,8.078844,0.0,11.882973,25.081999,0.29296875,59.290005,1
81.10105,0.0,80.78432,24.567228,79.88281,7.5328436,0.0,11.882973,25.081999,0.1953125,59.290005,1
78.95662,88.62745,78.01107,24.773838,46.289062,6.9335938,130.0,12.664223,24.854002,50.097656,62.754,1
74.76776,88.62745,73.4872,24.830599,46.38672,7.1688433,0.0,13.640785,25.545998,50.195312,65.59,1
74.76776,88.62745,74.0895,25.256998,46.289062,7.1688433,0.0,18.816566,25.463999,50.29297,64.99,1
74.5362,88.62745,73.72549,25.357483,46.38672,7.2664995,0.0,16.37516,26.109997,50.29297,64.99,1
73.90729,88.62745,72.39516,25.420172,46.38672,6.9335938,0.0,11.425781,26.127996,50.195312,65.689995,1
74.65243,88.62745,73.90749,24.912018,46.289062,6.973531,0.0,13.738441,25.3,50.195312,64.78999,1
81.02627,0.0,80.72803,24.4666,79.78516,8.176499,0.0,11.882973,24.9,0.1953125,59.290005,1
76.969864,88.62745,75.86828,24.931227,46.289062,8.536034,0.0,15.496254,25.527996,50.195312,64.28999,1
76.34095,88.62745,75.68627,25.012598,46.38672,7.155531,0.0,15.59391,25.809996,50.195312,65.28999,1
74.40375,88.62745,73.72549,25.012598,46.289062,7.4351873,0.0,16.179848,25.445997,50.195312,75.78999,1
1.4569536,88.62745,0.056313753,25.420172,46.289062,6.9335938,130.0,18.914223,30.609001,50.195312,65.45398,1
74.850655,88.62745,73.90749,24.912018,46.289062,7.337531,0.0,13.152504,25.545998,50.195312,64.689995,1
74.75154,88.62745,73.36147,25.094017,46.289062,8.829002,0.0,19.695473,25.182,50.195312,64.689995,1
80.04955,87.84314,78.82353,25.056173,86.81641,7.0001564,242.0,12.273598,25.3,92.77344,68.83598,1
76.88697,88.62745,75.68627,24.38523,46.38672,9.388313,0.0,15.496254,25.345997,50.29297,62.290005,1
76.60585,88.62745,75.504265,24.931227,46.289062,8.815689,0.0,15.691566,25.163998,50.195312,64.189995,1
76.44006,88.62745,75.265976,25.012598,46.38672,6.973531,0.0,14.226723,25.263998,50.29297,65.28999,1
75.97694,88.62745,75.504265,24.485903,46.289062,7.390782,130.0,11.590004,25.182,50.195312,60.672005,1
75.943596,88.62745,74.90196,25.056173,46.289062,7.253187,0.0,16.082191,26.027996,50.29297,83.89,1
74.43709,88.62745,73.54348,24.912018,46.38672,6.9335938,0.0,12.859535,25.727997,50.195312,64.689995,1
77.01942,88.62745,75.86828,24.830599,46.289062,8.145409,0.0,14.81266,25.527996,50.195312,64.09,1
74.45331,88.62745,73.4872,25.683834,46.289062,6.946906,0.0,11.425781,25.581999,50.195312,72.189995,1
73.808174,88.62745,73.54348,25.33856,46.289062,7.5461555,0.0,20.672035,25.481998,50.29297,64.78999,1
74.5362,88.62745,73.54348,25.094017,46.289062,7.1688433,0.0,14.129066,25.727997,50.195312,65.49,1
75.413795,88.62745,77.044754,24.447487,86.91406,7.0978127,242.0,12.078285,24.818,92.87109,61.736,1
76.6554,88.62745,76.050285,25.238173,46.289062,9.929848,130.0,14.81266,25.282,50.195312,60.990005,1
74.039734,88.62745,73.36147,25.094017,46.38672,7.0844994,0.0,14.03141,25.463999,50.195312,65.189995,1
74.98311,88.62745,73.72549,24.54802,46.38672,7.603875,0.0,13.152504,25.1,50.195312,64.39,1
74.8011,88.62745,73.90749,26.174896,46.289062,6.9335938,0.0,14.324379,28.227997,50.097656,97.89,1
76.7383,88.62745,75.68627,24.931227,46.38672,14.382095,0.0,29.65641,25.163998,50.29297,62.690002,1
76.88697,88.62745,76.4143,24.931227,46.289062,8.886719,0.0,14.519691,24.8,50.195312,62.290005,1
73.90729,88.62745,73.123184,24.993484,46.289062,7.253187,0.0,15.007973,25.363998,50.195312,65.49,1
74.66865,88.62745,73.90749,25.357483,46.289062,7.4484997,0.0,14.715004,25.463999,50.29297,65.189995,1
74.585754,88.62745,72.39516,25.094017,46.38672,7.1688433,0.0,16.082191,25.363998,50.195312,65.689995,1
76.1256,88.62745,74.90196,24.773838,46.289062,7.155531,0.0,13.32119,-3276.1536,50.195312,98.25398,1
74.8011,88.62745,73.54348,25.094017,46.289062,7.155531,0.0,12.957191,25.363998,50.29297,64.59,1
76.88697,88.62745,76.23229,25.33856,46.289062,9.317284,130.0,13.25016,24.554003,50.195312,61.054,1
74.089294,88.62745,72.94118,24.912018,46.289062,7.3508434,0.0,14.226723,25.545998,50.29297,65.59,1
76.22472,88.62745,75.44798,25.074999,46.289062,7.6171875,0.0,15.105629,25.945997,50.195312,67.28999,1
76.04271,88.62745,75.08397,25.52056,46.289062,7.4351873,0.0,14.519691,26.127996,50.097656,78.59,1
75.03266,88.62745,74.453514,24.6486,46.289062,8.647003,130.0,20.28141,24.454002,50.195312,65.05398,1
71.175385,88.62745,69.803925,25.012598,46.289062,10.964127,130.0,50.066566,24.818,50.195312,64.97197,1
29.668875,88.62745,28.263453,25.87516,46.289062,6.9335938,130.0,11.425781,24.618,50.195312,72.118,1
76.55629,88.62745,74.958244,25.012598,46.289062,7.963409,0.0,14.81266,25.527996,50.195312,64.09,1
76.78786,88.62745,75.68627,25.012598,46.38672,8.802376,0.0,15.007973,25.345997,50.195312,64.09,1
76.6554,88.62745,76.050285,24.931227,46.38672,8.900032,0.0,15.300941,24.981998,50.195312,64.28999,1
76.29139,88.62745,75.68627,24.931227,46.289062,7.781409,0.0,15.496254,25.345997,50.195312,64.189995,1
76.78786,88.62745,75.68627,25.113226,46.289062,7.8790655,0.0,14.81266,24.618,50.195312,64.09,1
76.07605,88.62745,74.90196,25.383131,46.191406,7.253187,0.0,13.25016,26.745998,50.195312,97.89,1
76.60585,88.62745,76.23229,24.58662,46.289062,8.7890625,0.0,15.105629,24.618,50.195312,64.189995,1
77.234764,88.62745,75.86828,24.830599,46.289062,8.509407,0.0,14.617348,25.163998,50.195312,64.09,1
25.728716,87.84314,26.064352,25.411364,86.81641,7.4751253,242.0,13.25016,25.572002,92.87109,98.8,1
78.327705,88.62745,77.82906,25.52893,46.289062,6.9335938,130.0,11.980629,26.018002,50.195312,98.25398,1
77.10231,88.62745,75.86828,24.567228,46.38672,10.449219,0.0,17.547035,24.618,50.195312,62.590004,1
76.83741,88.62745,75.504265,24.749228,46.289062,8.718033,0.0,15.300941,25.527996,50.195312,64.189995,1
76.15894,88.62745,75.86828,24.303904,46.38672,8.105469,0.0,14.271126,-3276.7,50.29297,63.118,1
81.192055,40.0,80.54602,24.830599,39.257812,7.071187,140.0,11.68766,24.354002,54.492188,59.854004,1
77.218544,40.0,77.044754,25.175484,39.257812,7.337531,140.0,11.68766,24.354002,54.589844,60.636,1
74.94974,88.62745,73.90749,25.765547,46.38672,8.70472,0.0,19.890785,26.227997,50.195312,65.189995,1
76.55629,88.62745,75.68627,24.830599,46.289062,7.963409,0.0,14.81266,24.8,50.195312,64.09,1
74.900215,88.62745,74.0895,25.175484,46.289062,7.896844,0.0,14.715004,25.827997,50.195312,65.09,1
77.28432,88.62745,76.050285,24.567228,46.289062,8.509407,0.0,15.789223,24.981998,50.195312,64.189995,1
76.42384,88.62745,75.32226,24.849901,46.289062,8.061066,0.0,15.691566,25.527996,50.195312,64.189995,1
75.712036,88.62745,74.35594,25.501835,46.289062,7.5195312,0.0,12.957191,25.963999,50.195312,97.89,1
76.30761,88.62745,74.719955,25.847311,46.289062,6.973531,0.0,13.640785,26.081999,50.195312,97.89,1
75.81115,40.0,75.08397,24.4666,39.257812,7.0844994,140.0,11.882973,24.172003,54.492188,60.036003,1
75.148895,88.62745,73.90749,25.175484,46.289062,7.4351873,0.0,15.886879,25.581999,50.195312,64.89,1
73.543274,88.62745,72.39516,25.74713,46.38672,6.9335938,0.0,11.425781,25.863998,50.29297,97.89,1
71.175385,88.62745,70.61638,25.094017,46.289062,10.990753,130.0,36.004066,25.182,50.195312,64.689995,1
76.70496,88.62745,75.68627,24.849901,46.38672,8.354034,0.0,14.617348,25.709995,50.195312,62.290005,1
74.18841,88.62745,73.123184,25.910921,46.289062,6.946906,0.0,11.425781,26.327997,50.195312,97.89,1
76.25806,88.62745,75.265976,25.420172,46.191406,7.253187,0.0,14.226723,25.4,50.195312,97.89,1
76.27424,88.62745,75.44798,25.074999,46.289062,7.6171875,0.0,14.715004,25.945997,50.097656,65.78999,1
74.98311,88.62745,73.72549,25.194597,46.289062,6.9335938,0.0,13.347816,25.545998,50.195312,64.689995,1
74.76776,88.62745,74.27151,25.012598,46.38672,6.986843,0.0,17.058754,25.545998,50.195312,65.689995,1
79.17196,88.62745,77.64706,25.810898,46.191406,6.973531,130.0,11.785316,25.818,50.097656,81.39,1
75.099335,88.62745,73.36147,25.276016,46.289062,8.145409,0.0,15.496254,25.727997,50.195312,64.59,1
75.678696,88.62745,74.90196,26.09292,46.289062,6.973531,0.0,13.347816,26.963999,50.097656,97.89,1
74.900215,88.62745,73.90749,25.501835,46.38672,6.9335938,0.0,11.425781,25.763998,50.29297,65.89,1
25.430464,88.62745,24.341885,25.56513,87.01172,7.195469,242.0,13.054848,26.136002,92.96875,98.25398,1
73.543274,88.62745,72.39516,25.847311,46.38672,6.9335938,0.0,11.425781,25.564,50.29297,95.28999,1
63.97351,88.62745,62.3811,24.849901,46.289062,44.68216,130.0,35.12516,24.618,50.195312,63.054,1
74.43709,88.62745,73.17947,25.276016,46.289062,6.973531,0.0,12.859535,26.009996,50.195312,64.39,1
74.98311,88.62745,74.27151,25.357483,46.289062,6.9335938,0.0,13.543129,25.463999,50.195312,64.39,1
73.90729,88.62745,72.75917,25.683834,46.38672,6.9335938,0.0,11.425781,25.945997,50.195312,70.28999,1
76.88697,88.62745,75.68627,24.931227,46.38672,8.63369,0.0,15.105629,25.345997,50.195312,62.290005,1
64.42042,88.62745,63.55757,25.420172,46.38672,6.9335938,130.0,11.425781,25.5,50.195312,65.28999,1
77.10231,88.62745,74.958244,25.0319,46.289062,8.509407,0.0,15.398598,25.345997,50.195312,64.189995,1
74.22174,88.62745,73.54348,24.993484,46.289062,7.1688433,0.0,14.422035,25.282,50.29297,65.28999,1
74.900215,88.62745,74.27151,24.912018,46.38672,7.3508434,0.0,14.81266,25.827997,50.195312,65.39,1
74.25508,88.62745,73.36147,25.276016,46.289062,6.973531,0.0,13.054848,25.363998,50.195312,64.59,1
76.44006,88.62745,75.265976,25.74713,46.289062,7.239875,0.0,14.129066,26.645998,50.097656,97.89,1
76.30761,88.62745,75.44798,24.22784,46.289062,7.155531,0.0,14.200096,-3276.7,50.195312,1637.7544,1
76.60585,88.62745,76.050285,25.012598,46.289062,8.886719,0.0,15.398598,24.981998,50.195312,64.189995,1
73.17926,88.62745,72.39516,25.628899,46.38672,6.9335938,0.0,11.425781,26.463999,50.29297,97.89,1
75.51291,0.0,70.98039,24.830599,79.88281,8.358499,0.0,12.078285,25.081999,0.1953125,59.390003,1
75.910255,88.62745,74.90196,25.438997,46.289062,7.071187,0.0,13.640785,25.945997,50.195312,78.59,1
74.98311,88.62745,74.27151,25.094017,46.289062,7.155531,0.0,13.25016,25.363998,50.195312,64.689995,1
75.910255,88.62745,74.90196,25.438997,46.289062,6.9335938,0.0,14.519691,25.763998,50.195312,65.189995,1
20.347801,88.62745,14.958278,26.13936,86.91406,7.3774686,242.0,12.859535,26.5,92.87109,98.071976,1
73.77483,88.62745,73.54348,24.830599,46.289062,6.973531,0.0,13.933754,25.263998,50.195312,65.39,1
76.29139,88.62745,75.68627,25.03755,46.289062,21.648598,130.0,32.683754,24.454002,50.195312,65.071976,1
30.596027,88.62745,29.621922,24.830599,46.38672,6.9335938,130.0,11.425781,24.254002,50.195312,60.172005,1
73.72528,88.62745,73.17947,26.157017,46.289062,7.4484997,0.0,12.859535,26.545998,50.097656,97.89,1
76.78786,88.62745,75.68627,24.749228,46.289062,7.572782,130.0,11.68766,25.182,50.195312,60.672005,1
76.6554,88.62745,75.86828,25.074999,46.289062,8.757973,130.0,13.054848,25.463999,50.195312,60.872,1
76.70496,88.62745,75.86828,24.931227,46.289062,8.438377,0.0,15.203285,25.527996,50.195312,64.09,1
75.81115,88.62745,74.719955,25.33856,46.289062,6.9335938,0.0,16.472816,25.663998,50.195312,82.89,1
74.585754,88.62745,73.123184,24.830599,46.289062,7.253187,0.0,15.691566,25.081999,50.29297,65.49,1
76.969864,88.62745,76.596275,24.749228,46.289062,9.193001,0.0,15.496254,24.8,50.195312,64.189995,1
51.705177,88.62745,70.98039,24.830599,46.289062,6.9335938,130.0,12.46891,24.636002,50.195312,65.05398,1
74.48664,88.62745,73.17947,26.05716,46.191406,7.3774686,130.0,12.859535,26.2,50.097656,97.89,1
73.77483,88.62745,73.90749,25.012598,46.289062,7.1688433,0.0,13.640785,24.818,50.29297,65.689995,1
76.15894,88.62745,75.32226,24.912018,46.289062,7.683752,130.0,11.882973,25.363998,50.195312,60.854004,1
31.02673,88.62745,30.434395,25.012598,46.289062,6.9335938,130.0,14.910316,25.081999,50.195312,65.45398,1
74.76776,88.62745,73.36147,25.357483,46.289062,6.986843,0.0,14.226723,25.827997,50.195312,65.09,1
77.06895,88.62745,76.050285,25.175484,46.38672,7.963409,130.0,11.980629,24.272003,50.195312,60.854004,1
74.71821,88.62745,73.90749,25.012598,46.289062,7.253187,0.0,14.715004,25.363998,50.29297,65.49,1
74.2713,88.62745,72.75917,25.012598,46.38672,7.3508434,0.0,13.543129,25.363998,50.195312,65.59,1
76.44006,88.62745,74.35594,25.420172,46.289062,7.155531,0.0,15.496254,25.663998,50.195312,97.89,1
76.83741,88.62745,75.68627,24.6486,46.289062,7.4884386,130.0,11.68766,24.818,50.195312,60.572002,1
76.969864,88.62745,76.050285,24.993484,46.289062,8.718033,130.0,12.566566,25.182,50.29297,60.772003,1
74.585754,88.62745,73.54348,25.276016,46.38672,7.3508434,0.0,13.836098,25.545998,50.29297,65.59,1
74.40375,88.62745,73.90749,25.256998,46.289062,7.6305,0.0,17.449379,25.564,50.29297,64.89,1
74.883995,88.62745,73.90749,25.175484,46.289062,7.253187,0.0,14.422035,25.845997,50.195312,64.49,1
23.07971,88.62745,22.927097,25.119314,87.01172,7.195469,242.0,13.347816,26.072002,92.96875,98.43599,1
75.74444,88.62745,74.0895,25.276016,46.289062,7.337531,0.0,13.640785,25.663998,50.195312,64.78999,1
76.87075,88.62745,75.14025,25.012598,46.289062,8.327408,0.0,14.715004,25.345997,50.195312,64.09,1
74.40375,88.62745,74.0895,25.276016,46.289062,7.6171875,0.0,14.324379,25.545998,50.29297,65.49,1
74.66865,88.62745,73.72549,25.256998,46.289062,7.4484997,0.0,17.547035,25.663998,50.29297,64.78999,1
74.2713,88.62745,73.123184,24.912018,46.38672,7.5328436,0.0,13.738441,25.363998,50.195312,65.39,1
47.599216,77.64706,45.882355,25.074999,76.46484,7.279812,186.0,12.664223,25.363998,71.484375,68.071976,1
76.70496,88.62745,76.23229,24.830599,46.38672,8.691406,0.0,14.715004,25.345997,50.195312,64.09,1
31.606081,88.62745,30.252396,25.401548,46.38672,7.0001564,130.0,12.664223,24.9,50.29297,62.572002,1
13.377483,88.62745,17.28306,24.730019,46.38672,6.9335938,130.0,11.425781,24.8,50.195312,60.9,1
76.34095,88.62745,75.86828,24.931227,46.289062,8.243065,0.0,14.422035,25.163998,50.29297,62.290005,1
74.22174,88.62745,73.72549,25.175484,46.38672,7.0844994,0.0,13.445473,25.463999,50.29297,65.189995,1
77.10231,88.62745,76.23229,24.58662,46.289062,8.243065,0.0,15.300941,25.527996,50.195312,64.189995,1
76.32473,88.62745,75.32226,24.931227,46.38672,9.428253,0.0,16.179848,25.345997,50.195312,62.390003,1
76.969864,88.62745,76.050285,25.194597,46.289062,8.256378,0.0,15.300941,24.981998,50.195312,64.189995,1
21.20921,88.62745,34.537964,24.36602,46.289062,6.9335938,130.0,11.425781,24.536001,50.195312,62.936,1
76.60585,88.62745,75.86828,25.012598,46.38672,7.337531,0.0,15.007973,25.809996,50.29297,65.28999,1
76.9203,88.62745,76.050285,25.0319,46.289062,8.607063,0.0,15.398598,25.345997,50.195312,64.189995,1
76.969864,88.62745,76.23229,24.730019,46.289062,8.243065,130.0,12.175941,24.636002,50.195312,60.772003,1
76.15894,77.64706,72.57716,25.319836,76.46484,7.0978127,186.0,12.664223,25.6,71.484375,79.47197,1
77.33385,88.62745,76.4143,25.113226,46.289062,8.327408,0.0,14.715004,24.981998,50.195312,64.09,1
74.75154,88.62745,73.72549,24.811485,46.289062,7.155531,0.0,14.519691,25.927998,50.195312,64.49,1
74.039734,88.62745,72.75917,25.175484,46.289062,6.9335938,0.0,14.226723,25.645998,50.195312,65.09,1
76.62207,88.62745,75.08397,24.830599,46.38672,7.337531,0.0,15.398598,25.445997,50.29297,65.28999,1
75.165115,88.62745,73.90749,25.175484,46.289062,7.155531,0.0,16.179848,26.009996,50.195312,64.39,1
74.45331,88.62745,73.123184,25.276016,46.38672,7.071187,0.0,15.300941,25.363998,50.195312,65.689995,1
74.2713,88.62745,72.75917,26.09292,46.289062,6.9335938,0.0,11.425781,26.263998,50.29297,97.89,1
76.32473,88.62745,75.32226,24.931227,46.289062,8.243065,0.0,15.203285,25.527996,50.195312,64.189995,1
74.569534,88.62745,73.36147,25.357483,46.289062,7.155531,0.0,14.715004,26.009996,50.29297,64.39,1
78.98995,88.62745,77.82906,25.628899,46.289062,6.9335938,130.0,11.882973,26.282,50.097656,70.77197,1
74.105515,0.0,73.30519,25.012598,0.0,7.2664995,0.0,11.980629,24.536001,0.09765625,59.390003,1
77.28432,88.62745,75.68627,24.849901,46.289062,8.354034,0.0,15.007973,25.345997,50.195312,64.189995,1
76.7383,88.62745,75.68627,24.485903,46.289062,8.52272,0.0,15.203285,25.345997,50.195312,64.189995,1
33.675735,88.62745,33.179493,24.629486,87.01172,7.0001564,242.0,12.078285,24.818,92.87109,61.918,1
75.97694,88.62745,74.958244,24.749228,46.289062,7.3774686,130.0,11.425781,24.636002,50.195312,60.572002,1
77.7979,88.62745,77.044754,25.319836,46.289062,7.0001564,130.0,12.566566,24.918001,50.195312,62.590004,1
76.70496,88.62745,76.23229,25.21955,46.289062,17.11647,130.0,23.992348,24.636002,50.195312,64.89,1
74.22174,88.62745,74.27151,24.629486,46.38672,7.4484997,0.0,15.300941,24.918001,50.195312,64.99,1
76.78786,88.62745,75.86828,25.256998,46.38672,8.953285,130.0,13.25016,24.736002,50.195312,61.236,1
76.7383,88.62745,75.32226,24.567228,46.289062,8.074379,0.0,15.105629,24.981998,50.195312,64.28999,1
75.165115,88.62745,74.0895,25.094017,46.289062,7.5195312,0.0,12.46891,25.545998,50.195312,64.59,1
75.54624,88.62745,74.90196,25.357483,46.191406,7.4351873,0.0,14.422035,26.127996,50.195312,65.39,1
75.29756,88.62745,73.90749,25.276016,46.289062,9.108658,0.0,19.695473,25.545998,50.195312,64.689995,1
75.413795,88.62745,75.08397,25.175484,46.289062,7.4351873,0.0,14.422035,25.763998,50.195312,65.09,1
74.296524,88.62745,73.45248,24.538486,46.289062,7.246531,0.0,15.64497,-3276.7,50.195312,65.12699,1
80.41357,87.84314,79.36955,24.591839,86.81641,7.0001564,242.0,12.273598,24.572002,92.87109,69.01799,1
77.01942,88.62745,76.4143,24.931227,46.289062,8.900032,0.0,15.496254,25.163998,50.195312,64.189995,1
75.132675,88.62745,74.90196,24.38523,46.289062,7.5195312,0.0,17.813377,-3276.7,50.195312,65.75398,1
38.857494,88.62745,37.82906,24.749228,46.38672,7.024594,130.0,11.425781,24.436,50.195312,62.354004,1
74.850655,88.62745,73.54348,24.974562,46.289062,7.2664995,0.0,20.672035,25.663998,50.195312,64.78999,1
76.6554,88.62745,75.504265,25.113226,46.289062,8.509407,0.0,14.715004,25.345997,50.195312,64.09,1
74.2713,88.62745,73.123184,25.992897,46.38672,7.4929066,0.0,11.425781,26.445997,50.29297,97.89,1
75.77781,40.0,75.08397,24.893,39.257812,6.9335938,140.0,11.68766,25.0,54.492188,60.754,1
81.192055,0.0,80.78432,24.749228,79.88281,8.540498,0.0,11.882973,25.627996,0.29296875,59.290005,1
76.9203,88.62745,75.504265,25.113226,46.38672,11.550064,0.0,20.867348,25.163998,50.195312,62.590004,1
37.781696,88.62745,37.101063,25.647,46.289062,38.54313,130.0,31.414223,24.718,50.195312,79.47197,1
74.5362,88.62745,73.72549,25.276016,46.289062,7.0844994,0.0,17.058754,25.645998,50.29297,65.189995,1
79.7351,88.62745,77.46505,24.773838,86.91406,7.0001564,242.0,12.371254,24.754002,92.87109,80.01799,1
76.78786,88.62745,75.68627,25.113226,46.38672,9.903221,0.0,17.547035,25.527996,50.29297,62.490005,1
73.7415,88.62745,72.39516,25.33856,46.289062,6.9335938,130.0,11.425781,25.4,50.097656,60.790005,1
60.281097,88.62745,58.45953,26.174896,46.38672,7.1688433,130.0,11.68766,24.618,50.195312,86.37197,1
76.969864,88.62745,75.504265,25.194597,46.38672,8.52272,0.0,15.007973,25.163998,50.195312,63.99,1
76.62207,88.62745,74.719955,25.765547,46.289062,6.9335938,0.0,13.152504,26.163998,50.195312,97.89,1
75.01644,88.62745,72.81548,26.074928,46.191406,7.071187,0.0,14.03141,27.081999,50.195312,97.89,1
74.8011,88.62745,73.54348,24.993484,46.289062,7.115594,0.0,15.398598,25.745998,50.195312,64.39,1
74.850655,88.62745,74.0895,25.276016,46.38672,6.973531,0.0,12.46891,25.363998,50.195312,64.59,1
77.05276,88.62745,75.86828,25.847311,46.38672,6.973531,130.0,11.785316,25.363998,50.195312,70.189995,1
74.93355,88.62745,73.36147,25.094017,46.38672,7.155531,0.0,12.566566,25.645998,50.195312,64.49,1
72.45033,88.62745,70.798386,26.584452,46.289062,6.9335938,130.0,11.425781,26.218,50.195312,92.189995,1
76.4734,88.62745,75.68627,24.931227,46.38672,8.900032,0.0,14.81266,25.163998,50.29297,62.290005,1
76.6554,88.62745,75.86828,24.749228,46.38672,8.327408,0.0,14.715004,25.163998,50.195312,64.09,1
77.2681,88.62745,75.504265,24.874174,46.289062,7.0844994,130.0,12.664223,25.136002,50.195312,82.171974,1
74.66865,88.62745,73.90749,24.993484,46.289062,7.155531,0.0,13.933754,25.282,50.195312,64.49,1
75.49669,92.94118,74.719955,25.074999,91.015625,6.9335938,186.0,12.273598,24.818,71.484375,60.572002,1
74.40375,88.62745,73.90749,25.175484,46.38672,7.4484997,0.0,13.738441,25.282,50.29297,65.189995,1
76.83741,88.62745,76.23229,24.955837,46.289062,8.744659,130.0,14.422035,24.918001,50.195312,62.872,1
78.824165,88.62745,77.82906,25.60217,46.289062,6.9335938,130.0,12.078285,25.581999,50.097656,63.154003,1
76.7383,88.62745,75.32226,24.38523,46.289062,7.293125,130.0,11.590004,24.090004,50.195312,60.390003,1
75.01644,88.62745,74.27151,24.993484,46.289062,7.4351873,0.0,15.398598,25.118,50.195312,64.49,1
76.6554,88.62745,76.050285,24.76862,46.289062,8.425064,0.0,15.496254,25.345997,50.195312,64.189995,1
74.619095,88.62745,73.90749,25.175484,46.289062,7.155531,0.0,13.836098,26.009996,50.097656,64.49,1
75.74537,88.62745,75.14025,25.194597,46.289062,7.8790655,0.0,15.59391,25.345997,50.195312,64.09,1
34.86779,88.62745,34.173965,26.05716,46.289062,6.9335938,130.0,15.496254,27.436,50.195312,65.81799,1
75.115555,40.0,73.72549,25.012598,39.257812,7.071187,140.0,11.785316,24.9,54.492188,59.672005,1
75.51291,88.62745,73.90749,25.175484,46.289062,7.253187,0.0,14.910316,25.845997,50.29297,64.59,1
76.42384,88.62745,75.32226,24.749228,46.38672,9.499283,0.0,15.691566,25.709995,50.195312,62.390003,1
80.97671,40.0,79.81799,24.6486,39.257812,7.115594,140.0,11.68766,24.536001,54.492188,59.872,1
77.05276,88.62745,75.68627,24.931227,46.38672,8.243065,0.0,15.007973,25.345997,50.195312,64.189995,1
77.01942,88.62745,75.86828,25.094017,46.289062,8.411751,130.0,11.785316,25.0,50.195312,60.290005,1
74.22174,88.62745,73.90749,25.238173,46.289062,6.9335938,0.0,11.425781,26.227997,50.195312,66.89,1
74.569534,88.62745,73.90749,25.094017,46.38672,8.158722,0.0,15.789223,25.545998,50.195312,64.59,1
73.42704,88.62745,73.123184,25.012598,46.289062,6.9335938,0.0,11.425781,25.064,50.195312,64.189995,1
74.75154,88.62745,74.27151,24.993484,46.289062,7.7015314,0.0,15.691566,25.1,50.195312,64.39,1
75.066,88.62745,73.72549,25.175484,46.289062,6.9335938,0.0,15.105629,26.109997,50.195312,64.39,1
75.115555,88.62745,73.54348,25.094017,46.289062,8.997688,0.0,18.523598,25.727997,50.195312,64.689995,1
74.71821,88.62745,73.72549,25.438997,46.289062,6.9335938,0.0,19.109535,25.745998,50.195312,64.99,1
75.19845,88.62745,73.90749,25.175484,46.289062,6.9335938,0.0,14.422035,26.027996,50.195312,64.49,1
76.9203,88.62745,76.050285,24.76862,46.289062,8.243065,0.0,15.300941,25.709995,50.195312,64.189995,1
74.17219,88.62745,73.36147,25.683834,46.38672,7.683752,0.0,29.851723,25.763998,50.29297,64.89,1
74.45331,88.62745,73.30519,25.501835,46.289062,6.9335938,0.0,11.425781,25.581999,50.29297,67.49,1
77.715004,88.62745,69.803925,25.683834,46.289062,6.9335938,130.0,12.566566,25.4,50.097656,61.190002,1
76.83741,88.62745,75.86828,24.993484,46.289062,9.024315,130.0,12.859535,25.463999,50.195312,60.872,1
74.039734,88.62745,73.36147,25.175484,46.289062,7.3508434,0.0,19.109535,25.564,50.195312,64.99,1
75.910255,88.62745,75.44798,24.974562,46.289062,7.253187,0.0,15.300941,25.581999,50.195312,66.59,1
71.09249,88.62745,71.344406,24.931227,46.289062,7.115594,130.0,11.425781,24.254002,50.195312,64.89,1
74.039734,88.62745,73.36147,24.830599,46.38672,6.946906,0.0,11.425781,25.163998,50.29297,64.59,1
74.76776,88.62745,73.72549,25.276016,46.38672,7.071187,0.0,13.543129,25.909996,50.195312,65.59,1
74.900215,88.62745,74.27151,25.276016,46.289062,7.3508434,0.0,14.03141,25.363998,50.195312,65.59,1
74.75154,88.62745,73.36147,25.357483,46.289062,6.973531,0.0,15.59391,25.827997,50.195312,64.39,1
77.1852,40.0,77.40877,24.811485,39.160156,7.0844994,140.0,11.590004,24.636002,54.589844,60.754,1
72.94679,88.62745,73.123184,24.284601,46.289062,9.539223,130.0,33.465004,24.818,50.195312,65.33598,1
77.10231,88.62745,75.504265,25.113226,46.38672,9.219627,0.0,16.082191,25.345997,50.29297,62.390003,1
76.969864,88.62745,75.86828,25.357483,46.38672,8.354034,130.0,12.46891,24.818,50.195312,60.772003,1
64.76821,88.62745,63.921574,25.301313,46.38672,14.786034,130.0,26.824379,25.318,50.195312,69.39,1
62.880554,88.62745,35.686275,25.501835,46.38672,6.9335938,130.0,12.175941,25.7,50.195312,93.15398,1
74.40375,88.62745,72.75917,25.276016,46.38672,7.071187,0.0,13.738441,25.182,50.29297,65.39,1
76.4734,88.62745,75.68627,24.830599,46.289062,8.354034,0.0,15.203285,25.345997,50.195312,63.99,1
76.60585,88.62745,75.504265,25.113226,46.289062,8.327408,0.0,14.715004,25.527996,50.29297,64.09,1
45.380917,88.62745,48.445454,24.4666,46.484375,6.9335938,130.0,11.980629,24.436,50.29297,62.754,1
74.5362,88.62745,74.0895,25.847311,46.289062,9.34391,130.0,29.949379,25.5,50.195312,66.99,1
37.649246,88.62745,36.919064,24.974562,46.38672,7.3774686,130.0,13.640785,24.818,50.195312,63.371998,1
75.81115,88.62745,74.90196,25.683834,46.289062,7.155531,0.0,12.761879,26.245998,50.195312,97.89,1
77.1852,88.62745,75.68627,24.567228,46.289062,8.7890625,0.0,15.398598,25.345997,50.195312,64.189995,1
77.10231,88.62745,75.86828,24.749228,46.289062,8.52272,0.0,15.398598,24.981998,50.29297,64.189995,1
75.694916,88.62745,75.265976,25.256998,46.289062,7.071187,0.0,15.886879,26.127996,50.195312,64.99,1
76.6554,88.62745,76.050285,24.931227,46.38672,8.718033,0.0,15.398598,25.163998,50.195312,64.09,1
74.93355,88.62745,73.90749,25.175484,46.289062,6.9335938,0.0,13.640785,25.745998,50.195312,64.59,1
76.30761,88.62745,75.265976,25.15656,46.289062,7.155531,0.0,15.691566,25.118,50.195312,92.39,1
74.2713,88.62745,72.94118,26.157017,46.289062,7.6171875,0.0,12.371254,26.445997,50.195312,97.89,1
74.900215,88.62745,74.63549,25.319836,46.38672,8.718033,0.0,19.890785,25.863998,50.195312,65.189995,1
77.20139,88.62745,76.4143,25.113226,46.289062,8.52272,0.0,15.496254,25.345997,50.195312,64.09,1
80.31446,87.84314,80.54602,25.137836,86.81641,7.0001564,242.0,12.273598,25.118,92.77344,71.27197,1
76.60585,88.62745,75.86828,25.256998,46.289062,8.367348,130.0,12.664223,24.454002,50.195312,60.590004,1
76.6554,88.62745,75.68627,24.567228,46.289062,7.4884386,130.0,11.68766,25.0,50.195312,60.754,1
75.165115,88.62745,73.72549,25.276016,46.289062,6.973531,0.0,13.054848,25.927998,50.195312,64.39,1
74.039734,88.62745,73.54348,25.194597,46.38672,6.9335938,0.0,15.105629,25.445997,50.195312,65.39,1
76.44006,88.62745,74.90196,25.929129,46.289062,7.155531,0.0,14.129066,26.1,50.195312,97.89,1
76.83741,88.62745,75.86828,25.276016,46.289062,7.781409,130.0,11.980629,25.0,50.195312,60.490005,1
76.83741,88.62745,76.050285,24.931227,46.289062,7.461812,130.0,11.425781,25.545998,50.195312,60.390003,1
75.943596,88.62745,74.53795,24.773838,46.289062,7.5195312,0.0,13.893814,-3276.5178,50.195312,98.43599,1
75.910255,88.62745,74.719955,24.974562,46.289062,6.9335938,130.0,11.425781,25.682,50.195312,60.872,1
74.71821,88.62745,73.90749,24.830599,46.38672,7.603875,0.0,12.859535,24.818,50.195312,64.689995,1
81.192055,40.0,79.63599,25.194597,39.257812,6.9335938,140.0,11.68766,24.718,54.492188,59.872,1
77.475334,88.62745,76.77174,24.5576,46.289062,7.428531,0.0,12.337971,-3276.7,50.195312,62.545002,1
76.60585,88.62745,75.68627,24.529001,46.289062,8.647003,130.0,12.664223,24.454002,50.195312,61.236,1
75.430016,88.62745,74.719955,25.87516,86.91406,7.572782,242.0,13.152504,26.018002,92.87109,97.89,1
77.499664,88.62745,75.504265,25.21955,46.289062,7.155531,130.0,11.785316,24.454002,50.29297,66.189995,1
75.24801,88.62745,74.0895,24.912018,46.289062,6.9335938,0.0,13.933754,25.382,50.195312,64.39,1
75.51291,88.62745,73.72549,25.175484,46.289062,7.4351873,0.0,14.910316,26.027996,50.097656,64.59,1
74.71821,88.62745,73.90749,25.438997,46.289062,7.3508434,0.0,14.519691,25.382,50.195312,64.89,1
77.05276,88.62745,76.050285,24.567228,46.289062,12.930565,0.0,26.433754,25.163998,50.29297,62.690002,1
76.6554,88.62745,76.050285,24.567228,46.289062,7.390782,130.0,11.68766,24.636002,50.195312,60.854004,1
76.78786,88.62745,75.86828,25.319836,46.289062,14.786034,130.0,20.476723,24.736002,50.195312,64.89,1
74.2713,88.62745,72.94118,25.501835,46.38672,6.9335938,0.0,11.425781,25.763998,50.29297,70.28999,1
76.969864,88.62745,75.32226,24.811485,46.289062,7.963409,130.0,12.078285,24.454002,50.195312,61.036003,1
73.90729,88.62745,73.36147,25.357483,46.289062,6.986843,0.0,14.324379,26.009996,50.29297,65.09,1
74.585754,88.62745,73.36147,24.893,46.289062,7.8124995,0.0,15.007973,25.2,50.29297,64.89,1
74.2713,88.62745,72.39516,26.256927,46.191406,6.9335938,130.0,11.882973,25.718,50.097656,84.35398,1
77.29333,88.62745,76.77174,24.5576,46.289062,7.4418435,0.0,12.058315,-3276.609,50.29297,62.363003,1
74.48664,88.62745,73.90749,25.357483,46.38672,7.5328436,0.0,13.836098,25.463999,50.195312,65.189995,1
64.833984,88.62745,63.109097,25.012598,46.289062,12.721939,130.0,36.785316,24.818,50.195312,64.97197,1
76.83741,88.62745,75.14025,24.950619,46.38672,8.061066,0.0,15.398598,25.345997,50.195312,64.189995,1
76.60585,88.62745,75.504265,25.194597,46.289062,8.145409,0.0,14.81266,25.527996,50.29297,64.09,1
42.76526,77.64706,42.5631,24.711,76.36719,7.0978127,186.0,12.859535,24.818,71.58203,68.618,1
75.00022,88.62745,74.719955,24.567228,46.289062,7.337531,0.0,16.921158,-3276.7,50.29297,76.33598,1
76.7383,88.62745,75.86828,25.113226,46.38672,10.475845,0.0,18.425941,25.527996,50.29297,62.590004,1
78.37726,88.62745,77.101036,26.05716,46.289062,6.9335938,130.0,12.371254,26.318,50.195312,98.071976,1
76.6554,88.62745,76.23229,25.113226,46.289062,8.509407,0.0,14.81266,24.981998,50.195312,64.09,1
74.71821,88.62745,74.0895,25.276016,46.289062,8.256378,0.0,17.742348,25.727997,50.195312,64.689995,1
73.77483,88.62745,72.75917,25.276016,46.38672,7.5328436,0.0,14.617348,25.727997,50.29297,65.689995,1
76.969864,88.62745,75.14025,25.012598,46.38672,8.074379,0.0,15.203285,25.163998,50.195312,64.09,1
76.6554,88.62745,76.050285,24.931227,46.289062,7.963409,0.0,14.617348,25.345997,50.195312,64.09,1
74.320854,88.62745,74.0895,24.912018,46.38672,7.4351873,0.0,15.105629,24.818,50.29297,65.689995,1
75.24801,88.62745,74.0895,25.094017,46.289062,7.155531,0.0,14.715004,25.845997,50.195312,64.49,1
76.60585,88.62745,75.86828,24.667902,46.289062,7.2664995,130.0,11.425781,25.0,50.195312,60.754,1
72.36744,88.62745,71.400696,24.610563,46.289062,6.9335938,130.0,11.425781,25.682,50.29297,65.65398,1
75.678696,88.62745,74.90196,25.33856,46.289062,7.6171875,0.0,17.742348,25.3,50.195312,82.89,1
76.70496,88.62745,76.050285,24.629486,46.289062,8.536034,130.0,12.46891,24.636002,50.195312,60.954002,1
61.29115,88.62745,52.39518,25.56513,46.38672,6.9335938,130.0,11.425781,25.581999,50.195312,65.75398,1
73.808174,88.62745,73.54348,24.912018,46.38672,6.986843,0.0,14.129066,25.727997,50.29297,65.49,1
39.0233,88.62745,38.09553,24.567228,46.289062,6.9335938,130.0,11.882973,24.8,50.29297,62.390003,1
74.98311,88.62745,73.90749,24.993484,46.289062,7.155531,0.0,13.738441,25.463999,50.195312,64.39,1
76.42384,88.62745,75.68627,24.993484,46.38672,8.158722,130.0,12.46891,25.182,50.195312,60.772003,1
76.6554,88.62745,76.050285,24.749228,46.289062,8.718033,0.0,15.203285,25.345997,50.195312,64.28999,1
76.4734,88.62745,76.596275,25.301313,46.289062,36.08841,130.0,48.601723,24.272003,50.195312,67.99,1
42.913906,77.64706,43.109097,24.974562,76.5625,7.0978127,186.0,13.054848,24.818,71.484375,69.33598,1
76.9203,88.62745,75.504265,24.849901,46.38672,9.876595,0.0,15.691566,25.163998,50.29297,62.390003,1
75.99316,88.62745,75.08397,24.711,46.289062,7.6171875,0.0,14.03141,25.763998,50.195312,68.689995,1
76.29139,88.62745,75.86828,24.667902,46.38672,8.425064,0.0,14.03141,24.8,50.195312,62.290005,1
1.8714569,88.62745,1.2327846,26.584452,46.289062,7.0844994,130.0,19.597816,28.6,50.097656,65.27197,1
30.943829,88.62745,30.070396,25.364923,46.38672,6.9335938,130.0,11.785316,24.818,50.195312,83.87197,1
76.55629,88.62745,75.14025,24.849901,46.289062,8.354034,0.0,15.691566,25.527996,50.195312,64.189995,1
27.10277,88.62745,26.302668,24.974562,46.289062,7.0978127,130.0,12.371254,24.636002,50.195312,62.6,1
75.99316,88.62745,74.719955,25.683834,46.289062,7.0001564,130.0,12.46891,24.972004,50.195312,98.071976,1
77.30144,88.62745,76.68074,25.319836,46.289062,7.3774686,130.0,13.054848,24.736002,50.195312,62.772003,1
74.585754,88.62745,73.30519,24.6486,46.38672,7.115594,0.0,11.425781,24.8,50.195312,64.39,1
76.78786,88.62745,75.68627,24.567228,46.38672,7.155531,0.0,15.105629,25.445997,50.29297,65.28999,1
77.28432,88.62745,75.68627,25.012598,46.289062,8.536034,0.0,15.300941,25.163998,50.195312,64.09,1
75.08219,88.62745,74.27151,25.256998,46.289062,7.5461555,0.0,19.50016,25.663998,50.195312,64.78999,1
74.40375,88.62745,74.0895,25.276016,46.38672,7.253187,0.0,14.226723,25.727997,50.195312,65.59,1
74.40375,88.62745,72.75917,25.012598,46.289062,6.986843,0.0,13.347816,25.363998,50.195312,65.689995,1
73.59283,88.62745,72.57716,25.74713,46.38672,7.024594,0.0,11.425781,25.745998,50.195312,97.89,1
75.24801,88.62745,74.0895,25.357483,46.289062,7.071187,0.0,15.398598,25.663998,50.195312,64.49,1
75.364235,88.62745,71.5827,25.383131,46.289062,6.9335938,130.0,11.980629,24.818,50.195312,76.071976,1
76.9203,88.62745,76.050285,24.931227,46.289062,14.88369,130.0,40.59391,24.254002,50.29297,63.054,1
74.039734,88.62745,73.36147,25.501835,46.38672,7.024594,0.0,11.425781,25.763998,50.195312,65.689995,1
74.17219,88.62745,73.90749,25.012598,46.289062,7.4351873,0.0,14.617348,25.081999,50.195312,65.39,1
78.592606,88.62745,77.82906,25.420172,46.289062,6.9335938,130.0,11.882973,25.581999,50.195312,62.790005,1
30.066225,88.62745,27.29714,25.238173,46.289062,6.9335938,130.0,11.425781,24.9,50.195312,85.43599,1
74.5362,88.62745,73.90749,25.256998,46.289062,7.4484997,0.0,16.082191,25.564,50.195312,64.89,1
77.15187,88.62745,75.504265,24.931227,46.289062,8.158722,0.0,15.007973,25.345997,50.195312,64.09,1
75.28134,88.62745,75.08397,24.993484,46.289062,7.071187,0.0,15.007973,26.127996,50.195312,64.78999,1
76.88697,88.62745,76.4143,24.830599,46.289062,8.802376,0.0,15.203285,25.345997,50.195312,63.99,1
76.60585,88.62745,75.68627,24.931227,46.289062,8.607063,0.0,14.81266,25.345997,50.195312,64.09,1
71.191605,40.0,70.16794,26.584452,39.257812,6.9335938,140.0,11.980629,24.536001,54.589844,63.753994,1
72.93057,88.62745,72.94118,26.074928,46.289062,7.071187,130.0,11.980629,25.718,50.097656,98.071976,1
75.56246,88.62745,73.72549,25.357483,46.289062,6.9335938,0.0,15.984535,25.845997,50.195312,64.49,1
26.490067,88.62745,25.882353,24.76862,46.38672,6.9335938,130.0,11.425781,24.618,50.195312,61.718002,1
77.10231,88.62745,75.86828,24.931227,46.289062,8.509407,0.0,14.715004,25.163998,50.29297,64.09,1
71.29162,88.62745,16.134748,26.584452,46.289062,6.9335938,130.0,12.371254,26.763998,50.195312,98.071976,1
23.65906,88.62745,22.3811,26.13936,87.01172,7.670439,242.0,13.543129,25.936,92.87109,98.071976,1
74.850655,88.62745,73.90749,25.357483,46.289062,7.155531,0.0,12.46891,26.009996,50.195312,64.49,1
76.3905,88.62745,75.68627,25.113226,46.289062,7.279812,130.0,11.425781,24.818,50.195312,60.390003,1
69.370636,88.62745,73.123184,25.194597,46.38672,7.155531,0.0,14.617348,25.445997,50.195312,65.28999,1
81.192055,0.0,80.54602,24.284601,79.88281,8.176499,0.0,11.882973,25.263998,0.1953125,59.390003,1
76.969864,88.62745,75.86828,25.113226,46.289062,8.145409,0.0,14.617348,25.527996,50.195312,64.09,1
74.5362,88.62745,72.75917,25.175484,46.38672,7.2664995,0.0,14.519691,25.282,50.29297,65.09,1
74.17219,88.62745,73.54348,25.438997,46.289062,7.2664995,0.0,14.324379,25.645998,50.195312,65.09,1
75.23179,88.62745,74.53795,24.931227,46.289062,41.961098,130.0,77.019684,24.254002,50.29297,63.236,1
74.5362,88.62745,73.90749,25.012598,46.289062,7.5195312,0.0,12.664223,25.545998,50.195312,64.689995,1
78.19525,88.62745,77.46505,25.238173,46.289062,7.071187,130.0,11.980629,24.736002,50.195312,86.85398,1
77.740234,88.62745,76.40773,24.639019,46.38672,7.428531,0.0,12.142658,25.091,50.195312,1637.8453,1
76.60585,88.62745,75.68627,24.931227,46.38672,6.973531,0.0,14.422035,25.445997,50.29297,65.189995,1
74.883995,88.62745,74.0895,25.094017,46.38672,7.155531,0.0,13.933754,25.382,50.195312,64.49,1
74.22174,88.62745,73.123184,25.012598,46.38672,7.3508434,0.0,15.203285,25.363998,50.195312,65.689995,1
71.67185,88.62745,70.98039,25.238173,46.289062,7.115594,130.0,12.078285,25.763998,50.195312,60.790005,1
74.13885,88.62745,72.94118,25.840311,46.289062,6.9335938,130.0,11.425781,26.336002,50.195312,98.25398,1
74.2713,88.62745,72.75917,25.094017,46.289062,7.5328436,0.0,14.617348,25.363998,50.195312,65.689995,1
74.089294,88.62745,72.94118,25.276016,46.38672,7.1688433,0.0,14.226723,25.545998,50.195312,65.59,1
74.45331,88.62745,73.123184,25.765547,46.289062,6.9335938,0.0,11.425781,26.027996,50.29297,88.89,1
75.57958,88.62745,74.35594,25.33856,46.289062,6.9335938,0.0,14.226723,26.127996,50.097656,97.89,1
76.78786,88.62745,75.68627,25.113226,46.289062,8.158722,0.0,15.203285,25.709995,50.29297,64.189995,1
74.585754,88.62745,73.36147,25.438997,46.38672,7.4484997,0.0,14.519691,25.927998,50.29297,64.89,1
75.72825,77.64706,73.85118,25.501835,76.5625,7.279812,186.0,12.859535,25.236002,71.58203,79.65398,1
76.7383,88.62745,75.68627,25.012598,46.289062,8.802376,0.0,15.300941,25.163998,50.195312,64.09,1
77.234764,88.62745,75.86828,25.0319,46.38672,9.499283,0.0,16.37516,25.163998,50.29297,62.490005,1
75.148895,88.62745,73.72549,24.993484,46.289062,7.024594,0.0,14.324379,25.845997,50.195312,64.689995,1
76.4734,88.62745,75.68627,25.012598,46.289062,7.024594,0.0,15.59391,25.445997,50.29297,65.28999,1
77.10231,88.62745,75.68627,24.931227,46.289062,7.9767222,0.0,15.496254,25.527996,50.195312,64.189995,1
75.927376,88.62745,75.68627,25.60217,46.289062,9.525909,130.0,14.03141,24.918001,50.29297,60.872,1
76.78786,88.62745,76.050285,24.749228,46.289062,8.802376,0.0,15.691566,24.8,50.195312,64.189995,1
76.95364,87.84314,76.050285,24.510176,86.81641,7.1821556,242.0,12.371254,25.236002,92.87109,79.65398,1
74.354195,88.62745,73.72549,25.012598,46.289062,7.239875,0.0,12.664223,25.363998,50.195312,64.689995,1
29.139072,88.62745,27.899454,26.584452,46.289062,6.9335938,130.0,19.207191,28.6,50.195312,65.27197,1
76.78786,88.62745,75.504265,24.931227,46.289062,7.4751253,130.0,11.68766,24.454002,50.195312,60.572002,1
76.68874,88.62745,75.504265,25.0319,46.289062,8.243065,0.0,15.496254,25.527996,50.195312,64.189995,1
74.48664,88.62745,73.54348,25.276016,46.289062,8.340721,0.0,17.449379,25.363998,50.195312,64.59,1
74.8011,88.62745,73.54348,24.993484,46.289062,6.973531,0.0,14.617348,25.745998,50.195312,64.49,1
74.40375,88.62745,74.27151,25.256998,46.289062,7.9945,0.0,15.105629,25.663998,50.29297,64.89,1
40.595547,77.64706,39.005527,24.955837,76.46484,7.279812,186.0,12.761879,24.936,71.58203,67.81799,1
75.81115,88.62745,74.90196,26.010998,46.289062,6.9335938,0.0,13.543129,27.127996,50.195312,97.89,1
74.585754,88.62745,73.72549,24.912018,46.38672,7.5328436,0.0,15.300941,25.363998,50.29297,65.39,1
72.764786,88.62745,71.94672,25.119314,46.289062,11.283722,130.0,26.824379,24.954002,50.195312,68.35398,1
37.350994,88.62745,36.680744,24.993484,46.289062,6.9335938,130.0,11.68766,24.454002,50.195312,62.118,1
76.9203,88.62745,75.68627,25.012598,46.289062,10.782127,0.0,20.769691,25.163998,50.29297,62.590004,1
77.08609,88.62745,76.86275,25.87516,46.289062,7.071187,130.0,12.371254,26.518002,50.195312,98.25398,1
75.364235,88.62745,74.719955,24.993484,46.289062,7.3508434,0.0,14.226723,25.945997,50.195312,65.09,1
67.16853,88.62745,65.51834,25.301313,46.289062,6.9335938,130.0,11.980629,24.254002,50.195312,77.75398,1
74.66865,88.62745,73.54348,25.401548,46.289062,8.939972,130.0,24.871254,25.136002,50.195312,66.99,1
76.68874,88.62745,75.504265,24.749228,46.38672,11.967316,0.0,23.601723,24.981998,50.29297,62.690002,1
28.593075,88.62745,28.263453,25.256998,46.289062,6.9335938,130.0,11.492348,25.163998,50.195312,62.354004,1
76.78786,88.62745,75.14025,25.113226,46.38672,6.973531,0.0,14.910316,25.809996,50.195312,65.28999,1
76.78786,88.62745,76.23229,24.667902,46.38672,8.607063,0.0,13.933754,25.163998,50.29297,62.290005,1
43.89061,77.64706,40.420315,24.629486,76.46484,7.279812,186.0,12.566566,24.636002,71.484375,64.68201,1
72.10254,0.0,70.798386,25.194597,0.0,7.6305,0.0,11.980629,24.536001,0.0,59.490005,1
77.15187,88.62745,76.050285,24.931227,46.289062,8.900032,0.0,15.203285,25.345997,50.29297,64.28999,1
77.63211,88.62745,75.32226,25.52056,46.38672,7.024594,0.0,11.785316,26.009996,50.29297,97.89,1
74.2713,88.62745,73.90749,25.175484,46.289062,7.4484997,0.0,14.519691,25.463999,50.195312,65.189995,1
74.75154,88.62745,73.36147,25.357483,46.289062,6.973531,0.0,16.765785,25.282,50.195312,64.49,1
75.645355,88.62745,75.265976,24.912018,46.289062,7.4351873,0.0,15.203285,25.481998,50.195312,64.78999,1
75.62914,88.62745,75.08397,25.15656,46.289062,7.5195312,0.0,15.496254,24.936,50.097656,96.28999,1
74.5362,88.62745,73.90749,25.683834,46.289062,7.781409,0.0,18.035316,26.045998,50.29297,65.09,1
76.4734,88.62745,75.32226,25.175484,46.289062,7.781409,130.0,11.980629,25.182,50.195312,60.490005,1
74.93355,88.62745,73.72549,24.993484,46.289062,7.5195312,0.0,14.519691,25.564,50.195312,64.49,1
75.61199,88.62745,74.0895,24.811485,46.289062,7.7991877,0.0,13.347816,25.745998,50.195312,64.59,1
75.654366,88.62745,75.04925,24.050386,46.289062,8.152065,0.0,14.988003,24.163002,50.195312,3276.0625,1
74.304634,88.62745,73.54348,25.194597,46.289062,9.050941,130.0,25.261879,24.818,50.097656,64.87197,1
74.5362,88.62745,73.54348,25.094017,46.289062,7.239875,0.0,13.543129,25.545998,50.097656,64.689995,1
76.969864,88.62745,75.504265,25.175484,46.289062,8.269691,130.0,12.664223,24.636002,50.29297,60.772003,1
76.4734,88.62745,75.32226,24.749228,46.38672,7.3774686,130.0,11.492348,24.636002,50.29297,60.572002,1
76.4734,88.62745,75.68627,25.012598,46.38672,8.52272,0.0,15.007973,25.345997,50.195312,64.09,1
77.15187,88.62745,76.050285,25.194597,46.38672,8.691406,0.0,14.81266,25.163998,50.195312,64.09,1
75.694916,88.62745,73.90749,25.175484,46.289062,6.973531,0.0,13.543129,25.481998,50.195312,64.689995,1
76.969864,88.62745,75.504265,25.194597,46.289062,8.70472,0.0,15.300941,25.345997,50.195312,64.09,1
77.15187,88.62745,76.050285,24.931227,46.289062,8.536034,0.0,15.300941,25.345997,50.195312,64.189995,1
76.55629,88.62745,75.86828,24.58662,46.289062,8.145409,0.0,15.300941,25.345997,50.195312,64.189995,1
76.52296,88.62745,75.504265,25.012598,46.289062,7.024594,0.0,16.961098,25.263998,50.195312,65.28999,1
76.969864,88.62745,75.504265,24.849901,46.289062,8.158722,0.0,14.422035,25.345997,50.195312,62.290005,1
76.1256,88.62745,74.719955,25.665312,46.289062,7.337531,0.0,12.957191,25.981998,50.195312,97.89,1
73.99018,88.62745,73.72549,25.683834,46.38672,6.9335938,0.0,11.425781,25.4,50.195312,66.89,1
74.850655,88.62745,74.0895,24.730019,46.289062,7.5195312,0.0,12.859535,25.463999,50.195312,64.49,1
74.22174,88.62745,73.72549,25.21955,46.38672,7.1289062,0.0,11.425781,25.663998,50.29297,83.09,1
74.71821,88.62745,73.90749,24.912018,46.38672,7.6304994,0.0,13.836098,25.282,50.29297,65.189995,1
75.678696,88.62745,74.719955,25.52056,46.289062,7.024594,0.0,18.816566,26.027996,50.195312,82.89,1
76.55629,88.62745,75.504265,24.931227,46.289062,8.451691,0.0,15.691566,25.709995,50.195312,64.189995,1
76.42384,88.62745,76.050285,25.056173,46.289062,10.808754,130.0,15.789223,24.554003,50.195312,61.554,1
76.37428,88.62745,75.14025,25.113226,46.289062,8.354034,0.0,15.496254,25.163998,50.097656,64.189995,1
